Country Code,Country Name,Region Name
150,Argentina,America (wo US)
160,Australia,Ocenania
190,Belgium,Europe
260,Canada,America (wo US)
275,Chile,America (wo US)
280,China,Asian
285,Colombia,America (wo US)
295,Costa Rica,America (wo US)
315,Denmark,Europe
320,Dominican Republic,America (wo US)
325,Ecuador,America (wo US)
350,France,Europe
400,Greece,Europe
415,Guatemala,America (wo US)
430,Honduras,America (wo US)
455,India,Asian
470,Ireland,Europe
475,Israel,Asian
480,Italy,Europe
595,Mexico,America (wo US)
630,Netherlands,Europe
660,New Zealand,Ocenania
665,Nicaragua,America (wo US)
685,Norway,Europe
700,Pakistan,Asian
720,Peru,America (wo US)
801,South Africa,Africa
825,Russia,Asian
875,Thailand,Asian
905,Turkey,Asian
922,Egypt,Africa
925,United Kingdom,Europe
930,Uruguay,America (wo US)
945,Vietnam,Asian
M06,Mexico / USA,America (wo US)
M15,China / USA,Asian
M35,Argentina / USA,America (wo US)
M42,Argentina / Brazil,America (wo US)
M66,Argentina / Chile / USA,America (wo US)
MA6,Canada / USA,America (wo US)
MJ1,Argentina / Mexico / USA,America (wo US)
MJ8,China / Russia,Asian
MK2,Argentina / China / Thailand / Uruguay / Vietnam / USA,America (wo US)
MK3,Chile / Turkey / USA,America (wo US)
MK4,Greece / USA,Europe
MK5,Turkey / USA,Asian
UNK,Unknown Country,Unknown Country