State Code,State,US Region
AK,Alaska,US_West
AL,Alabama,US_East
AR,Arkansas,US_Central
AZ,Arizona,US_West
CA,California,US_West
CO,Colorado,US_West
CT,Connecticut,US_East
DC,Washington D.C.,US_East
DE,Delaware,US_East
FL,Florida,US_East
GA,Georgia,US_East
HI,Hawaii,US_West
IA,Iowa,US_Central
ID,Idaho,US_West
IL,Illinois,US_Central
IN,Indiana,US_Central
KS,Kansas,US_Central
KY,Kentucky,US_East
LA,Louisiana,US_Central
MA,Massachusetts,US_East
MD,Maryland,US_East
ME,Maine,US_East
MI,Michigan,US_Central
MN,Minnesota,US_Central
MO,Missouri,US_Central
MS,Mississippi,US_East
MT,Montana,US_West
NC,North Carolina,US_East
ND,North Dakota,US_Central
NE,Nebraska,US_Central
NH,New Hampshire,US_East
NJ,New Jersey,US_East
NM,New Mexico,US_West
NV,Nevada,US_West
NY,New York,US_East
OH,Ohio,US_East
OK,Oklahoma,US_Central
OR,Oregon,US_West
PA,Pennsylvania,US_East
PR,Puerto Rico,US_East
RI,Rhode Island,US_East
SC,South Carolina,US_East
SD,South Dakota,US_Central
TN,Tennessee,US_East
TX,Texas,US_Central
UT,Utah,US_West
VA,Virginia,US_East
VT,Vermont,US_East
WA,Washington,US_West
WI,Wisconsin,US_Central
WV,West Virginia,US_East
WY,Wyoming,US_West